{"customers":[{"name":"Keval","contactNo":"7021989791","address":"Bhavnagar","password":"abc","accounts":{"savingAcc":{"minBalance":100.0,"interestRate":6.0,"accountNo":"001","accountBalance":0.8899999999997817},"salaryAcc":{"employer":"Microsoft","monthlySalary":10000.0,"accountNo":"002","accountBalance":0.4}}},{"name":"Prachi","contactNo":"abc","address":"Ahmedabad","password":"123","accounts":{"fdAcc":{"termDuration":32,"interestRate":9.0,"accountNo":"003","accountBalance":10987.99}}},{"name":"Akash","contactNo":"0987615434","address":"toronto","password":"abc","accounts":{"salaryAcc":{"employer":"IBM","monthlySalary":8000.0,"accountNo":"004","accountBalance":20099.32}}}]}
